repo_owner,repo_name,issue_number,pr_url,commit_url
godotengine,godot,95696,https://github.com/godotengine/godot/pull/95704,https://github.com/godotengine/godot/commit/84e8831b8913e38247a971d7d0540b2666edce8a
godotengine,godot,95575,https://github.com/godotengine/godot/pull/95849,https://github.com/godotengine/godot/commit/97085358ce154f34d6ab571c35529a8b0e063513
godotengine,godot,95289,https://github.com/godotengine/godot/pull/95295,https://github.com/godotengine/godot/commit/9949d5a089ce89f102d3c84a256f8933f235fc21
godotengine,godot,95104,https://github.com/godotengine/godot/pull/95225,https://github.com/godotengine/godot/commit/7934e73d78c111e5f9cfbbda4f74723733482a4e
godotengine,godot,94870,https://github.com/godotengine/godot/pull/94894,https://github.com/godotengine/godot/commit/1eb0039b6eae3f4fab75ca6bb746712a233d32cb
godotengine,godot,93321,https://github.com/godotengine/godot/pull/93502,https://github.com/godotengine/godot/commit/5774d574967d81830e8eba22ea6fe70a00761634
godotengine,godot,93104,https://github.com/godotengine/godot/pull/93147,https://github.com/godotengine/godot/commit/8ac841a026c0fdb32351ba94570df9143eb1de11
godotengine,godot,92759,https://github.com/godotengine/godot/pull/92742,https://github.com/godotengine/godot/commit/e201e5bf30bdd7ea4f515ebf8d47a70172683f7e
godotengine,godot,91918,https://github.com/godotengine/godot/pull/92152,https://github.com/godotengine/godot/commit/0f5cadfb56100a02c45637fc2db436d3c0ffcd74
godotengine,godot,91230,https://github.com/godotengine/godot/pull/91329,https://github.com/godotengine/godot/commit/f14455fd3d0a86c0726aa6311a9a62a4392d2d0e
godotengine,godot,90607,https://github.com/godotengine/godot/pull/90921,https://github.com/godotengine/godot/commit/b9225f67c85c3eab47df96b9fa1bd5a5034eae53
godotengine,godot,90120,https://github.com/godotengine/godot/pull/90508,https://github.com/godotengine/godot/commit/2bc2b52bd1464e13a10b4082f1c036ed8cadb55c
godotengine,godot,88248,https://github.com/godotengine/godot/pull/87750,https://github.com/godotengine/godot/commit/2e07dcf1e7776fa9c068a690bfc51e385ff7501b
godotengine,godot,86401,https://github.com/godotengine/godot/pull/86474,https://github.com/godotengine/godot/commit/cb0a37f61aa772341e63e8ae8ee5bece211613f8
godotengine,godot,86234,https://github.com/godotengine/godot/pull/94618,https://github.com/godotengine/godot/commit/d65e7aab76a96f254d95e03b909f183912efe562
godotengine,godot,85619,https://github.com/godotengine/godot/pull/85785,https://github.com/godotengine/godot/commit/d48524a3f4e7070cecc01de215ae4c3aa37ab504
godotengine,godot,85537,https://github.com/godotengine/godot/pull/85542,https://github.com/godotengine/godot/commit/5dd11e8eee739f2ac3bbecd93cd4862c151aebc8
godotengine,godot,85053,https://github.com/godotengine/godot/pull/85092,https://github.com/godotengine/godot/commit/c0c1efc5da393789d5c23e62f013f792e1306009
godotengine,godot,84718,https://github.com/godotengine/godot/pull/91012,https://github.com/godotengine/godot/commit/b823724e007bc3f505369b7d768373bbb8f503e6
godotengine,godot,83112,https://github.com/godotengine/godot/pull/83264,https://github.com/godotengine/godot/commit/f79b90a6c0962f398ea17f1f47b99697baad7a3e
godotengine,godot,82791,https://github.com/godotengine/godot/pull/82451,https://github.com/godotengine/godot/commit/c3d1b522549b35fb0494d3b0577fe7b5c0e04065
godotengine,godot,82769,https://github.com/godotengine/godot/pull/83096,https://github.com/godotengine/godot/commit/3620d612ba9d2b110896cad9950e4bec4684a03a
godotengine,godot,82144,https://github.com/godotengine/godot/pull/88474,https://github.com/godotengine/godot/commit/9281c441f6138f2205071a89e4f5070bc918fdff
godotengine,godot,81005,https://github.com/godotengine/godot/pull/81090,https://github.com/godotengine/godot/commit/8ac91f813f364ed3e8b4b6be1b0770124af0d1b0
godotengine,godot,80195,https://github.com/godotengine/godot/pull/89418,https://github.com/godotengine/godot/commit/77f6e35a8dc34a649f817a9c3e3c2d341fe98457
godotengine,godot,80074,https://github.com/godotengine/godot/pull/80075,https://github.com/godotengine/godot/commit/38334fdc115c27da7623d927f7b7cbc9dbe63bf5
godotengine,godot,79927,https://github.com/godotengine/godot/pull/79325,https://github.com/godotengine/godot/commit/5fb975e4a578579bd02d287e4aa3b98daa2c0e3a
godotengine,godot,79292,https://github.com/godotengine/godot/pull/79325,https://github.com/godotengine/godot/commit/5fb975e4a578579bd02d287e4aa3b98daa2c0e3a
godotengine,godot,78295,https://github.com/godotengine/godot/pull/78670,https://github.com/godotengine/godot/commit/0458ac4b8191f514766d3e894ae563002a58ecfa
godotengine,godot,77968,https://github.com/godotengine/godot/pull/80482,https://github.com/godotengine/godot/commit/bc1aef88eef7bb09d1c537bf150414c50abfa374
godotengine,godot,77600,https://github.com/godotengine/godot/pull/79865,https://github.com/godotengine/godot/commit/7c812cd7e9aaa5145f5309bb6254d0570620bec9
godotengine,godot,77477,https://github.com/godotengine/godot/pull/78328,https://github.com/godotengine/godot/commit/d6379e9a938dec641baee5012fd98b5ab532ceda
godotengine,godot,77268,https://github.com/godotengine/godot/pull/77280,https://github.com/godotengine/godot/commit/e5bebbc9ffda8b4fa5a786842ea24f0a3ea0763a
godotengine,godot,76994,https://github.com/godotengine/godot/pull/79771,https://github.com/godotengine/godot/commit/73c6b8db2fd548fe1808af3e1bf9496b9f81aac8
godotengine,godot,75915,https://github.com/godotengine/godot/pull/77307,https://github.com/godotengine/godot/commit/f645eee62eadb71721e9d7c2d926fc4293a05c7c
godotengine,godot,74478,https://github.com/godotengine/godot/pull/73813,https://github.com/godotengine/godot/commit/30b94bb8ab0b51e1ba20b319ed46f43ee2147cd1
godotengine,godot,73563,https://github.com/godotengine/godot/pull/83902,https://github.com/godotengine/godot/commit/085255bd0ed2c36b217769c6f75c8ea856725b1a
godotengine,godot,72755,https://github.com/godotengine/godot/pull/72880,https://github.com/godotengine/godot/commit/b8eda519d0701f2700976ab71d58cd96f35b0181
godotengine,godot,72666,https://github.com/godotengine/godot/pull/73136,https://github.com/godotengine/godot/commit/340c3b84fd9f06f4d4a794c0a0b8e95165aeee9f
godotengine,godot,71652,https://github.com/godotengine/godot/pull/71798,https://github.com/godotengine/godot/commit/51777a2914dc46f2831752b74db6276369df0905
godotengine,godot,70853,https://github.com/godotengine/godot/pull/81037,https://github.com/godotengine/godot/commit/c23bd8b1431a745991a19f7cb89e4111efedf555
godotengine,godot,69927,https://github.com/godotengine/godot/pull/69950,https://github.com/godotengine/godot/commit/71398ae22a186d79f5f5eacc2cd45623fc588e75
godotengine,godot,68301,https://github.com/godotengine/godot/pull/71691,https://github.com/godotengine/godot/commit/b95219ef0f48261a277dda224cc30cc212221c4f
godotengine,godot,67696,https://github.com/godotengine/godot/pull/72827,https://github.com/godotengine/godot/commit/31a4a0002e566cbb28a2160fde1567eb75496cd0
godotengine,godot,67355,https://github.com/godotengine/godot/pull/69563,https://github.com/godotengine/godot/commit/0cbd1c85a96384ef93978661e408ce7c1b721847
godotengine,godot,67149,https://github.com/godotengine/godot/pull/67269,https://github.com/godotengine/godot/commit/05d619143c37e471b1ef175ad90a6da0677c902e
godotengine,godot,66901,https://github.com/godotengine/godot/pull/71441,https://github.com/godotengine/godot/commit/2cfab94fef35245e4ab7ab6f68122b12506701a2
godotengine,godot,65339,https://github.com/godotengine/godot/pull/65498,https://github.com/godotengine/godot/commit/ac1f2b378fb669e298a1e61d27617f4561c1af60
godotengine,godot,65157,https://github.com/godotengine/godot/pull/68504,https://github.com/godotengine/godot/commit/d22ab7c85b3f3cef54122d913043dbe0b4e16ed9
godotengine,godot,63352,https://github.com/godotengine/godot/pull/87391,https://github.com/godotengine/godot/commit/a62870956aa65461ac157ceb5869f82ee5fd5f36
godotengine,godot,62127,https://github.com/godotengine/godot/pull/62144,https://github.com/godotengine/godot/commit/32b16c876b92c3dae35046d37740fc6e5cc65b24
godotengine,godot,62111,https://github.com/godotengine/godot/pull/62211,https://github.com/godotengine/godot/commit/e4f252d94fec9e4ea5afe3934458617be04d67f5
godotengine,godot,61882,https://github.com/godotengine/godot/pull/61884,https://github.com/godotengine/godot/commit/5d9e996f682e4d6c54c0cdce06d68abb2fb4193f
godotengine,godot,61677,https://github.com/godotengine/godot/pull/78398,https://github.com/godotengine/godot/commit/8cdab04d7fd57aaabd790349cd8a4e9ec21a7edd
godotengine,godot,61230,https://github.com/godotengine/godot/pull/61235,https://github.com/godotengine/godot/commit/7f3688603cb3662e425cb7a1dce15459162c1dc6
godotengine,godot,60364,https://github.com/godotengine/godot/pull/70214,https://github.com/godotengine/godot/commit/d44a91c2f78809365020a67647a2c94ccab418ad
godotengine,godot,60127,https://github.com/godotengine/godot/pull/60789,https://github.com/godotengine/godot/commit/3f50dad460dc2239343e0eb9ba8fb63b8fd20b88
godotengine,godot,60068,https://github.com/godotengine/godot/pull/60359,https://github.com/godotengine/godot/commit/732102cbc599e486c4bb8cba33d2b4fe48ca4734
godotengine,godot,58663,https://github.com/godotengine/godot/pull/60656,https://github.com/godotengine/godot/commit/2834332591ef5a8490ef6a1a87b06e6cdaf16ff8
godotengine,godot,58082,https://github.com/godotengine/godot/pull/58081,https://github.com/godotengine/godot/commit/ab5eaf0ad97cfac2d3bc924ae99c5fc83cd3e838
godotengine,godot,58022,https://github.com/godotengine/godot/pull/58030,https://github.com/godotengine/godot/commit/ddc8ec6b448edd69642d61c4827882a035498274
godotengine,godot,57928,https://github.com/godotengine/godot/pull/57933,https://github.com/godotengine/godot/commit/66d27df12f5b710ac5f569144944c1db0c86c96b
godotengine,godot,57714,https://github.com/godotengine/godot/pull/57752,https://github.com/godotengine/godot/commit/5268786ac0213d4881f8a214b4d81f0c33340802
godotengine,godot,57256,https://github.com/godotengine/godot/pull/57526,https://github.com/godotengine/godot/commit/c37bd41c794819e0b6bc3ad4b162548057098e1c
godotengine,godot,56900,https://github.com/godotengine/godot/pull/57111,https://github.com/godotengine/godot/commit/f13db28a5c1148ce0096d9be9cbd6040553f9f6f
godotengine,godot,56264,https://github.com/godotengine/godot/pull/56327,https://github.com/godotengine/godot/commit/fad3138af7bbaee4bd7dea785657c84890411f0a
godotengine,godot,56205,https://github.com/godotengine/godot/pull/56889,https://github.com/godotengine/godot/commit/ba431a9306f6f018488b6d19854ea40fa528f205
godotengine,godot,54961,https://github.com/godotengine/godot/pull/71604,https://github.com/godotengine/godot/commit/10849a6d9319269f1952156ef981a4341815978a
godotengine,godot,54717,https://github.com/godotengine/godot/pull/49736,https://github.com/godotengine/godot/commit/ea0ec9b9513486ba0292de2d1cfdbdf6c0eae0e1
godotengine,godot,54484,https://github.com/godotengine/godot/pull/54486,https://github.com/godotengine/godot/commit/151d2e34caff77b9b2ffcadea1e4fa0a7ddd450c
godotengine,godot,53818,https://github.com/godotengine/godot/pull/58548,https://github.com/godotengine/godot/commit/ab1526709666a35d11e848415504a3af77e90a68
godotengine,godot,53506,https://github.com/godotengine/godot/pull/53507,https://github.com/godotengine/godot/commit/1558f4a59934127c09f92432aba61d575e615033
godotengine,godot,52680,https://github.com/godotengine/godot/pull/52824,https://github.com/godotengine/godot/commit/082f9245668384d5bad79998dee40370c2d38dce
godotengine,godot,51311,https://github.com/godotengine/godot/pull/54982,https://github.com/godotengine/godot/commit/f39375d315dc67e53ecdeb5964ffad59959c888f
godotengine,godot,50866,https://github.com/godotengine/godot/pull/53994,https://github.com/godotengine/godot/commit/5317b79a1dc3320ae8250a45aeb984ffebc20150
godotengine,godot,38543,https://github.com/godotengine/godot/pull/54377,https://github.com/godotengine/godot/commit/ab76cd6ff27a503a50cf1fbb2b434321971abddc
godotengine,godot,37885,https://github.com/godotengine/godot/pull/37895,https://github.com/godotengine/godot/commit/943ec798592e20446ae3661cb76c44a20c8a30ec
godotengine,godot,36981,https://github.com/godotengine/godot/pull/36999,https://github.com/godotengine/godot/commit/1c632645f7b2fda10bb01c3fd52bea338edbbaa4
godotengine,godot,27230,https://github.com/godotengine/godot/pull/35696,https://github.com/godotengine/godot/commit/142909da50a420ce973fda5d5878791faca25b2f
protocolbuffers,protobuf,5501,https://github.com/protocolbuffers/protobuf/pull/6530,https://github.com/protocolbuffers/protobuf/commit/da5740082ef7c39a5503e4d57ee73e11d3b43586
ClickHouse,ClickHouse,57773,https://github.com/ClickHouse/ClickHouse/pull/59340,https://github.com/ClickHouse/ClickHouse/commit/d3cdc8826eb5209562ae743c7a385a7f33bbc015
ClickHouse,ClickHouse,48728,https://github.com/ClickHouse/ClickHouse/pull/48771,https://github.com/ClickHouse/ClickHouse/commit/9f694a328bf7a351cae03b486ea61723e0e0344e
ClickHouse,ClickHouse,46726,https://github.com/ClickHouse/ClickHouse/pull/47647,https://github.com/ClickHouse/ClickHouse/commit/6c8fc4cd11966cb96571fe3a2dfaac6b82cbd03c
ClickHouse,ClickHouse,45941,https://github.com/ClickHouse/ClickHouse/pull/47290,https://github.com/ClickHouse/ClickHouse/commit/73c484fdee7fb0db9b5b2a0c53c9666fda320638
ClickHouse,ClickHouse,45177,https://github.com/ClickHouse/ClickHouse/pull/45181,https://github.com/ClickHouse/ClickHouse/commit/6499e8e687182f2bebb3f74c7321400edd9964d8
ClickHouse,ClickHouse,44500,https://github.com/ClickHouse/ClickHouse/pull/45630,https://github.com/ClickHouse/ClickHouse/commit/79ea6a1c9cc32fe9aedc55bfc0d16b7f12668b42
ClickHouse,ClickHouse,42502,https://github.com/ClickHouse/ClickHouse/pull/42780,https://github.com/ClickHouse/ClickHouse/commit/fe0aea2e3a2011ed803894c8e59c83db357e9e26
ClickHouse,ClickHouse,38889,https://github.com/ClickHouse/ClickHouse/pull/38929,https://github.com/ClickHouse/ClickHouse/commit/246614229fb2d8997db0b92271f05e75c36f74c3
ClickHouse,ClickHouse,38134,https://github.com/ClickHouse/ClickHouse/pull/38428,https://github.com/ClickHouse/ClickHouse/commit/a45e3d47adacc59699de26b59e5966307b97b8fb
ClickHouse,ClickHouse,37333,https://github.com/ClickHouse/ClickHouse/pull/42458,https://github.com/ClickHouse/ClickHouse/commit/ca5dbe88dbbde7bc139b6bfc864a8a1b52167ca7
ClickHouse,ClickHouse,36732,https://github.com/ClickHouse/ClickHouse/pull/60463,https://github.com/ClickHouse/ClickHouse/commit/9419a252315d053f443ebf9a4b24d0d5489fe8c8
ClickHouse,ClickHouse,34302,https://github.com/ClickHouse/ClickHouse/pull/34304,https://github.com/ClickHouse/ClickHouse/commit/3e700e854d6a1620bf80da5340206e1ec691b22a
ClickHouse,ClickHouse,32866,https://github.com/ClickHouse/ClickHouse/pull/32907,https://github.com/ClickHouse/ClickHouse/commit/b1794a47c39dc466efe5ad1f8691ae4646531677
ClickHouse,ClickHouse,30416,https://github.com/ClickHouse/ClickHouse/pull/30887,https://github.com/ClickHouse/ClickHouse/commit/b3a8ad124fb8adc444e1a8d9de4031db3f7cf517
ClickHouse,ClickHouse,27083,https://github.com/ClickHouse/ClickHouse/pull/27122,https://github.com/ClickHouse/ClickHouse/commit/4f7e007d355bc76625af927f39e82e37082e4679
ClickHouse,ClickHouse,24988,https://github.com/ClickHouse/ClickHouse/pull/25001,https://github.com/ClickHouse/ClickHouse/commit/a7ca1f5999148e76f76e03e09cf2945a476edf98
ClickHouse,ClickHouse,24340,https://github.com/ClickHouse/ClickHouse/pull/24415,https://github.com/ClickHouse/ClickHouse/commit/53ce22ae65c739fc3680cbb83d5e851186caadef
ClickHouse,ClickHouse,21935,https://github.com/ClickHouse/ClickHouse/pull/21948,https://github.com/ClickHouse/ClickHouse/commit/fff110aa38c8af9d91682a34d79f21a47a47b632
ClickHouse,ClickHouse,21717,https://github.com/ClickHouse/ClickHouse/pull/21766,https://github.com/ClickHouse/ClickHouse/commit/f00e1084107f5fe3e9262a45116fbabd945f508d
ClickHouse,ClickHouse,21556,https://github.com/ClickHouse/ClickHouse/pull/23397,https://github.com/ClickHouse/ClickHouse/commit/a83a07246ed4deb1eda316113e046ad67e18e8d1
ClickHouse,ClickHouse,21293,https://github.com/ClickHouse/ClickHouse/pull/21307,https://github.com/ClickHouse/ClickHouse/commit/134216dc4ae05cd04eb1a0c3c289aa839248d9fb
ClickHouse,ClickHouse,20092,https://github.com/ClickHouse/ClickHouse/pull/20183,https://github.com/ClickHouse/ClickHouse/commit/6a5a539e98533539a679dd30ed94e3e8021c74b3
ClickHouse,ClickHouse,20009,https://github.com/ClickHouse/ClickHouse/pull/32670,https://github.com/ClickHouse/ClickHouse/commit/745fd4fc161ac135d2044fd2855b4a4a4ed0cf4c
ClickHouse,ClickHouse,19671,https://github.com/ClickHouse/ClickHouse/pull/19680,https://github.com/ClickHouse/ClickHouse/commit/35622505945b56ab5be3240a3a2555bc299a1cc9
ClickHouse,ClickHouse,17731,https://github.com/ClickHouse/ClickHouse/pull/40592,https://github.com/ClickHouse/ClickHouse/commit/2e85f9f0ade45d62b12c82eee93f410744e0611e
ClickHouse,ClickHouse,17280,https://github.com/ClickHouse/ClickHouse/pull/14733,https://github.com/ClickHouse/ClickHouse/commit/6047df2c37c6afea1afabd08cc4406c36f9a62e0
ClickHouse,ClickHouse,17232,https://github.com/ClickHouse/ClickHouse/pull/17253,https://github.com/ClickHouse/ClickHouse/commit/172b7e9ed1cd77f8e028b214ca7bccac3750b553
ClickHouse,ClickHouse,15153,https://github.com/ClickHouse/ClickHouse/pull/15178,https://github.com/ClickHouse/ClickHouse/commit/ee453959424ad24e8e2977ffb74eee03e400ff58
ClickHouse,ClickHouse,13864,https://github.com/ClickHouse/ClickHouse/pull/14129,https://github.com/ClickHouse/ClickHouse/commit/eeb78bf29172112ee832e2e46ed75271961717d9
ClickHouse,ClickHouse,11943,https://github.com/ClickHouse/ClickHouse/pull/12045,https://github.com/ClickHouse/ClickHouse/commit/987e64acfe789689b8710add5d04371b8f21b604
ClickHouse,ClickHouse,9991,https://github.com/ClickHouse/ClickHouse/pull/10110,https://github.com/ClickHouse/ClickHouse/commit/f1cb928737f137ecc747e7e53bafe71391ce3b3b
ClickHouse,ClickHouse,7748,https://github.com/ClickHouse/ClickHouse/pull/16988,https://github.com/ClickHouse/ClickHouse/commit/1e24d6085a596abb8c56213b7699e67547860dfc
ClickHouse,ClickHouse,7223,https://github.com/ClickHouse/ClickHouse/pull/9535,https://github.com/ClickHouse/ClickHouse/commit/f24452f990d41f1eabeea1cf1dd88fd2bc44cd0d
ClickHouse,ClickHouse,3256,https://github.com/ClickHouse/ClickHouse/pull/65183,https://github.com/ClickHouse/ClickHouse/commit/231067b614d6cf1124ac00e74a551fe69c1aceea
SerenityOS,serenity,23306,https://github.com/SerenityOS/serenity/pull/23330,https://github.com/SerenityOS/serenity/commit/405384caaf68bc9b1b9dc38127b4cfaf123df540
SerenityOS,serenity,23056,https://github.com/SerenityOS/serenity/pull/24677,https://github.com/SerenityOS/serenity/commit/fa3de1ae0ceb0de9bbaa2b140569e97171c71455
SerenityOS,serenity,7505,https://github.com/SerenityOS/serenity/pull/7532,https://github.com/SerenityOS/serenity/commit/f80766f6aaf1c3d71bc20a91f34dd7eb28bb26b6
SerenityOS,serenity,3349,https://github.com/SerenityOS/serenity/pull/6251,https://github.com/SerenityOS/serenity/commit/e455f85c39b5d7c72f7f56ad08098d1531caa27b
facebook,rocksdb,9620,https://github.com/facebook/rocksdb/pull/9732,https://github.com/facebook/rocksdb/commit/28fa7c753c76fff4c1881b01506ed029628c19b2
emscripten-core,emscripten,3504,https://github.com/emscripten-core/emscripten/pull/4006,https://github.com/emscripten-core/emscripten/commit/78214c48f8cd3f8e6afb905355beff6359ca5f4d
emscripten-core,emscripten,3498,https://github.com/emscripten-core/emscripten/pull/5438,https://github.com/emscripten-core/emscripten/commit/0c967673ac73175258a1025c5f3f6226815a39bc
emscripten-core,emscripten,1680,https://github.com/emscripten-core/emscripten/pull/7125,https://github.com/emscripten-core/emscripten/commit/928050f2f1fb927463580b7843a1f2dcf421b882
qbittorrent,qBittorrent,20235,https://github.com/qbittorrent/qBittorrent/pull/20465,https://github.com/qbittorrent/qBittorrent/commit/aa89928469ec271982757d4f4d926621c4adace8
qbittorrent,qBittorrent,20025,https://github.com/qbittorrent/qBittorrent/pull/20465,https://github.com/qbittorrent/qBittorrent/commit/aa89928469ec271982757d4f4d926621c4adace8
qbittorrent,qBittorrent,19034,https://github.com/qbittorrent/qBittorrent/pull/19969,https://github.com/qbittorrent/qBittorrent/commit/d1eda13b3e3dd58dbc9a2048de344096ec8cdf53
qbittorrent,qBittorrent,18341,https://github.com/qbittorrent/qBittorrent/pull/18387,https://github.com/qbittorrent/qBittorrent/commit/8a345891389aa9c7fea043ab9a4de30da5957b46
qbittorrent,qBittorrent,12810,https://github.com/qbittorrent/qBittorrent/pull/12891,https://github.com/qbittorrent/qBittorrent/commit/bcf11cf1e8945deff216237237b3d3d71e0d67b7
qbittorrent,qBittorrent,12092,https://github.com/qbittorrent/qBittorrent/pull/12180,https://github.com/qbittorrent/qBittorrent/commit/a81789f4af46936df8082dfff6a0ba82613eebd1
qbittorrent,qBittorrent,7779,https://github.com/qbittorrent/qBittorrent/pull/7826,https://github.com/qbittorrent/qBittorrent/commit/534ed91d043abfe8ad7ccd307e4c8b060bdaf214
qbittorrent,qBittorrent,7763,https://github.com/qbittorrent/qBittorrent/pull/7821,https://github.com/qbittorrent/qBittorrent/commit/c0e48627aee320484659accaa5def5923400c2c5
qbittorrent,qBittorrent,2365,https://github.com/qbittorrent/qBittorrent/pull/2388,https://github.com/qbittorrent/qBittorrent/commit/08170f55b6b2e5f084470b913de75883d57ce0c9
qbittorrent,qBittorrent,2161,https://github.com/qbittorrent/qBittorrent/pull/2163,https://github.com/qbittorrent/qBittorrent/commit/404c8972afa122f0bb96c0328aa325202de49422
osquery,osquery,7424,https://github.com/osquery/osquery/pull/7429,https://github.com/osquery/osquery/commit/8f7cdffe15410afb65fa353d7f4e56ca61d49c27
osquery,osquery,4537,https://github.com/osquery/osquery/pull/4549,https://github.com/osquery/osquery/commit/772436df242e5e2ee7785e8170e7e644d00cb65a
apache,mxnet,15123,https://github.com/apache/mxnet/pull/16219,https://github.com/apache/mxnet/commit/3550422b187bbf58097460d04de917cd8de86e76
apache,mxnet,14124,https://github.com/apache/mxnet/pull/14445,https://github.com/apache/mxnet/commit/8339f095c3a8af8354c49b1dac02a3e3c3cdecb3
apache,mxnet,13449,https://github.com/apache/mxnet/pull/13501,https://github.com/apache/mxnet/commit/9ac7cbd0c36fc6ff47234de0417d3e3dca9b09dd
apache,mxnet,11469,https://github.com/apache/mxnet/pull/11474,https://github.com/apache/mxnet/commit/78560db932d2b508a76f3fb5f1b2103cdd5de75b
sqlitebrowser,sqlitebrowser,584,https://github.com/sqlitebrowser/sqlitebrowser/pull/1672,https://github.com/sqlitebrowser/sqlitebrowser/commit/dee40576e612f3548019e74946d62069c7096ac8
facebook,hhvm,8156,https://github.com/facebook/hhvm/pull/8313,https://github.com/facebook/hhvm/commit/9ed531ed55f4947ace09ad8efb1af30f7cf932e1
facebook,hhvm,7133,https://github.com/facebook/hhvm/pull/7246,https://github.com/facebook/hhvm/commit/1b4301ed96766905af57a758aafc969fe802383a
facebook,hhvm,1567,https://github.com/facebook/hhvm/pull/1569,https://github.com/facebook/hhvm/commit/9505beac5353df3f15235e7cc98eff98a9b4b64c
google,filament,7748,https://github.com/google/filament/pull/7752,https://github.com/google/filament/commit/c933e4abc2b2ffa0b99c4ece11fb933682239ba7
microsoft,AirSim,3288,https://github.com/microsoft/AirSim/pull/4032,https://github.com/microsoft/AirSim/commit/e0c47e4b2ca69e074f64000d81712b47a44d62a5
rizinorg,cutter,2634,https://github.com/rizinorg/cutter/pull/2636,https://github.com/rizinorg/cutter/commit/ffc8b6e1868a24b736383cf54b189f5c1f2fddeb
Tencent,rapidjson,275,https://github.com/Tencent/rapidjson/pull/544,https://github.com/Tencent/rapidjson/commit/6a6d9c7e05d2c312b0a9058ee143f168719d93af
arangodb,arangodb,3291,https://github.com/arangodb/arangodb/pull/3505,https://github.com/arangodb/arangodb/commit/316a7496f0223f882898b268fc0f7d0fa1becb58
OpenRCT2,OpenRCT2,9603,https://github.com/OpenRCT2/OpenRCT2/pull/9907,https://github.com/OpenRCT2/OpenRCT2/commit/e03aa526c76d950552badca64b2245e01e308553
OpenRCT2,OpenRCT2,8340,https://github.com/OpenRCT2/OpenRCT2/pull/8360,https://github.com/OpenRCT2/OpenRCT2/commit/3393f6428b16f4fb4f1015fb282dad480d3ef57e
OpenRCT2,OpenRCT2,6242,https://github.com/OpenRCT2/OpenRCT2/pull/6918,https://github.com/OpenRCT2/OpenRCT2/commit/ca2b4a9c0655bf18083c8e004ae89e66a0b2f2c0
doitsujin,dxvk,3632,https://github.com/doitsujin/dxvk/pull/3915,https://github.com/doitsujin/dxvk/commit/f00ecd9f698d27f998e065379f3fcf3f73de8146
doitsujin,dxvk,3438,https://github.com/doitsujin/dxvk/pull/3439,https://github.com/doitsujin/dxvk/commit/f861003dbb22f0f118fe1f6fedd19f21e3053a5a
doitsujin,dxvk,3283,https://github.com/doitsujin/dxvk/pull/3284,https://github.com/doitsujin/dxvk/commit/d8dddffd4861f09cea3f161c9c0acb6f73864e46
doitsujin,dxvk,2473,https://github.com/doitsujin/dxvk/pull/3158,https://github.com/doitsujin/dxvk/commit/b7cdfe072ef1fcac92d5d854127a4aa3b0590101
musescore,MuseScore,20003,https://github.com/musescore/MuseScore/pull/20141,https://github.com/musescore/MuseScore/commit/0691f8524f3d9fe89724830482651c7fd496ae26
musescore,MuseScore,19213,https://github.com/musescore/MuseScore/pull/19305,https://github.com/musescore/MuseScore/commit/a43ad026c0a394defa2969cd28591e13da918fa1
musescore,MuseScore,13193,https://github.com/musescore/MuseScore/pull/19146,https://github.com/musescore/MuseScore/commit/636ca456d9ececec4413dc605721275399eae498
hrydgard,ppsspp,16113,https://github.com/hrydgard/ppsspp/pull/16114,https://github.com/hrydgard/ppsspp/commit/4e31a469f02277e4e3b88dd1fa2a7e2f3305f649
hrydgard,ppsspp,9324,https://github.com/hrydgard/ppsspp/pull/16971,https://github.com/hrydgard/ppsspp/commit/adda49d05d1091decb8832259f0ca4e9e085f143
minetest,minetest,13990,https://github.com/minetest/minetest/pull/14121,https://github.com/minetest/minetest/commit/4f413847ddff0d2f247b0c98d8a9eddb05eae7da
minetest,minetest,13236,https://github.com/minetest/minetest/pull/13237,https://github.com/minetest/minetest/commit/8685586704ff7451565a35a7203caf107e56c76e
minetest,minetest,12437,https://github.com/minetest/minetest/pull/12438,https://github.com/minetest/minetest/commit/0589c4225f15c8de1709a2df7de44d96575a8f59
minetest,minetest,12300,https://github.com/minetest/minetest/pull/12301,https://github.com/minetest/minetest/commit/d44142955e9e05d471d0e4c6792afc4dfb463a5f
minetest,minetest,10696,https://github.com/minetest/minetest/pull/10715,https://github.com/minetest/minetest/commit/b9b82c6f03ef683f287443e28a67a9b7b7ff117b
minetest,minetest,10488,https://github.com/minetest/minetest/pull/10489,https://github.com/minetest/minetest/commit/3220fa178cdf8b434ae9a3970ad0e3e16ea23a13
minetest,minetest,8207,https://github.com/minetest/minetest/pull/9114,https://github.com/minetest/minetest/commit/9a8aa25a50cc6332135cb6f53b9ca26c4f611d44
minetest,minetest,7541,https://github.com/minetest/minetest/pull/7542,https://github.com/minetest/minetest/commit/81582f098e004ecfcebf10efb35c6d6fb11ea815
minetest,minetest,6137,https://github.com/minetest/minetest/pull/6142,https://github.com/minetest/minetest/commit/ffcf44cb8503035473349614b51f1ad57242dae1
minetest,minetest,3602,https://github.com/minetest/minetest/pull/5270,https://github.com/minetest/minetest/commit/04f90774ccc76a2497d728816ca548f95c7d04fd
minetest,minetest,3530,https://github.com/minetest/minetest/pull/4336,https://github.com/minetest/minetest/commit/d0c2c0cbe89886dee603391e60b769af0fb78cf1
minetest,minetest,3511,https://github.com/minetest/minetest/pull/4027,https://github.com/minetest/minetest/commit/62c35533a3cb63ff985009df95f8481ca1074338
minetest,minetest,2226,https://github.com/minetest/minetest/pull/4025,https://github.com/minetest/minetest/commit/b12bc0811cbab75ff78a75d09903cf0111c158b3
NixOS,nix,8372,https://github.com/NixOS/nix/pull/8398,https://github.com/NixOS/nix/commit/a382919d7dd696c01c0d5abd04222c2821c0a49d
NixOS,nix,7011,https://github.com/NixOS/nix/pull/7059,https://github.com/NixOS/nix/commit/0f977bf91e29192d7f0c0f9cad16351bad7cd137
microsoft,STL,2303,https://github.com/microsoft/STL/pull/2304,https://github.com/microsoft/STL/commit/31c0ca20e420d634ca9347f6b3309d1cb2b4db0b
rizonesoft,Notepad3,4921,https://github.com/rizonesoft/Notepad3/pull/4926,https://github.com/rizonesoft/Notepad3/commit/d796c33ccf680b7dd5bb96d0bc89d80c703acb90
rizonesoft,Notepad3,3796,https://github.com/rizonesoft/Notepad3/pull/3797,https://github.com/rizonesoft/Notepad3/commit/ebb193a0c5fc387dee872e630f81aac56b9e1bc0
mapbox,mapbox-gl-native,14708,https://github.com/mapbox/mapbox-gl-native/pull/14709,https://github.com/mapbox/mapbox-gl-native/commit/eff50135f2f4d7c8104c7c6fdc65ae763132b979
mapbox,mapbox-gl-native,12576,https://github.com/mapbox/mapbox-gl-native/pull/14107,https://github.com/mapbox/mapbox-gl-native/commit/dc410252b666a83f2f935e785978bee562eccb6c
mapbox,mapbox-gl-native,12545,https://github.com/mapbox/mapbox-gl-native/pull/12556,https://github.com/mapbox/mapbox-gl-native/commit/12c7b68e478dde33d886adfd868d02169cca69ca
mapbox,mapbox-gl-native,9912,https://github.com/mapbox/mapbox-gl-native/pull/9938,https://github.com/mapbox/mapbox-gl-native/commit/7dbec98caf69233a59d1cc03a374f77cbd59ff1f
mapbox,mapbox-gl-native,5104,https://github.com/mapbox/mapbox-gl-native/pull/5412,https://github.com/mapbox/mapbox-gl-native/commit/2bf4e20052e827a4f69dd718ba659f66edccc6df
mapbox,mapbox-gl-native,4026,https://github.com/mapbox/mapbox-gl-native/pull/4963,https://github.com/mapbox/mapbox-gl-native/commit/d28b6f37190dc1c9cbb1e3973f8a4534b507865c
mapbox,mapbox-gl-native,3727,https://github.com/mapbox/mapbox-gl-native/pull/3731,https://github.com/mapbox/mapbox-gl-native/commit/0439d003135dbdd15a993efff712e27cd15ab89e
mapbox,mapbox-gl-native,3069,https://github.com/mapbox/mapbox-gl-native/pull/3072,https://github.com/mapbox/mapbox-gl-native/commit/35441a26e9bc6335ae5009455672772572bee004
mapbox,mapbox-gl-native,3005,https://github.com/mapbox/mapbox-gl-native/pull/3009,https://github.com/mapbox/mapbox-gl-native/commit/0dc1519a1891dac6272f69dd1d1768f15908003c
mapbox,mapbox-gl-native,2577,https://github.com/mapbox/mapbox-gl-native/pull/2656,https://github.com/mapbox/mapbox-gl-native/commit/d7db22746a1b8e53c1ca9ed3a975f0dbafd17baf
mapbox,mapbox-gl-native,2290,https://github.com/mapbox/mapbox-gl-native/pull/2409,https://github.com/mapbox/mapbox-gl-native/commit/85ec3eb0a5739c4f7b160d82715d3be51e10a02b
mapbox,mapbox-gl-native,2180,https://github.com/mapbox/mapbox-gl-native/pull/2181,https://github.com/mapbox/mapbox-gl-native/commit/2f30dfe97d851f2a2bb4141dc234013b01f8afd3
mapbox,mapbox-gl-native,1946,https://github.com/mapbox/mapbox-gl-native/pull/1960,https://github.com/mapbox/mapbox-gl-native/commit/d57a02f3a9274d331ddaa7a82d062e36fdc09251
mapnik,mapnik,2210,https://github.com/mapnik/mapnik/pull/2241,https://github.com/mapnik/mapnik/commit/f0fd0aa8ce3f377289f32ebeb80f03d47f9977df
nuttyartist,notes,425,https://github.com/nuttyartist/notes/pull/427,https://github.com/nuttyartist/notes/commit/e9ec0f996e7a8523f00eaf68a7c2c58d2fac9216
defold,defold,8678,https://github.com/defold/defold/pull/8839,https://github.com/defold/defold/commit/a513dc0246ce19cb2204ae307ddf3b52c68e6138
xtensor-stack,xtensor,2063,https://github.com/xtensor-stack/xtensor/pull/2064,https://github.com/xtensor-stack/xtensor/commit/14d9486e049ca54deb444a39ce399690b5ad1463
solvespace,solvespace,759,https://github.com/solvespace/solvespace/pull/762,https://github.com/solvespace/solvespace/commit/c6a06e72020e1b02180ee0f3a487854a8775d921
facebookincubator,velox,10057,https://github.com/facebookincubator/velox/pull/10084,https://github.com/facebookincubator/velox/commit/fa9bfdbad216f0d793113c52de7aae2520526239
facebookincubator,velox,9914,https://github.com/facebookincubator/velox/pull/9926,https://github.com/facebookincubator/velox/commit/40c8e68b664f2d8ca83ef724407ba3fa6ae14641
facebookincubator,velox,9254,https://github.com/facebookincubator/velox/pull/9307,https://github.com/facebookincubator/velox/commit/941cd2c11655557b640bef5ad988e6c816f99698
facebookincubator,velox,5324,https://github.com/facebookincubator/velox/pull/5651,https://github.com/facebookincubator/velox/commit/05c6e8ea3d467be38287324ec5a92c0b6bb4dfc5
facebookincubator,velox,3863,https://github.com/facebookincubator/velox/pull/3868,https://github.com/facebookincubator/velox/commit/591877950a55f2e06705059ba97bc1c02dbb8b87
facebookincubator,velox,3173,https://github.com/facebookincubator/velox/pull/3174,https://github.com/facebookincubator/velox/commit/ba95637ba14a2120f4ad55b1e3ef0a4f908ac9bf
ispc,ispc,2777,https://github.com/ispc/ispc/pull/2781,https://github.com/ispc/ispc/commit/8bdc1e1e13b54fe540bc8c50ba51b4582a70571f
ispc,ispc,2468,https://github.com/ispc/ispc/pull/2586,https://github.com/ispc/ispc/commit/dda39e5da5cecf251602e1e03400a6cac24b7dc6
ispc,ispc,1678,https://github.com/ispc/ispc/pull/2560,https://github.com/ispc/ispc/commit/cd5407cf48a49ee9b03160b842560d7fe3fcda25
ispc,ispc,1498,https://github.com/ispc/ispc/pull/2560,https://github.com/ispc/ispc/commit/cd5407cf48a49ee9b03160b842560d7fe3fcda25
ispc,ispc,712,https://github.com/ispc/ispc/pull/737,https://github.com/ispc/ispc/commit/cc81cd32157d5df761521b6112fd4c64fccac836
randombit,botan,2710,https://github.com/randombit/botan/pull/3424,https://github.com/randombit/botan/commit/f87b77ff8151b5510de5b9b3d6fa75bca6e8877f
randombit,botan,934,https://github.com/randombit/botan/pull/2022,https://github.com/randombit/botan/commit/6279da6687ce7fc0e9b2ea3699daf5d55276a21b
contour-terminal,contour,1229,https://github.com/contour-terminal/contour/pull/1520,https://github.com/contour-terminal/contour/commit/3486e5a2d6d97aa7436c4aa5771695bb3ab3cf1a
contour-terminal,contour,811,https://github.com/contour-terminal/contour/pull/815,https://github.com/contour-terminal/contour/commit/1481c3fe9aeb8f962fcdf8c3072671c89cbb9aa9
CytopiaTeam,Cytopia,565,https://github.com/CytopiaTeam/Cytopia/pull/759,https://github.com/CytopiaTeam/Cytopia/commit/39624536c1859a920e15bb5b6f12c863f836b6c4
h2oai,datatable,2362,https://github.com/h2oai/datatable/pull/2364,https://github.com/h2oai/datatable/commit/32124753976bd2aa5ad69fc7aa1f8eed3917edbe
h2oai,datatable,1591,https://github.com/h2oai/datatable/pull/1867,https://github.com/h2oai/datatable/commit/3e13413143fd0c31aa2f9490cd969623346d518a
h2oai,datatable,1284,https://github.com/h2oai/datatable/pull/1285,https://github.com/h2oai/datatable/commit/e43b1a9c079bf4e54e66439acf68842186a8eb4d
h2oai,datatable,1122,https://github.com/h2oai/datatable/pull/1123,https://github.com/h2oai/datatable/commit/b4304a7cb4693be1f926319139f9e59801c74b11
h2oai,datatable,818,https://github.com/h2oai/datatable/pull/822,https://github.com/h2oai/datatable/commit/c68b2263b697fa2f69465b70f18122939918e614
h2oai,datatable,433,https://github.com/h2oai/datatable/pull/434,https://github.com/h2oai/datatable/commit/c1a5f0f9857445de1a365f52531183d65b715835
h2oai,datatable,401,https://github.com/h2oai/datatable/pull/430,https://github.com/h2oai/datatable/commit/c5669d018609c71e72ad3447211a6b07b5b02f6f
h2oai,datatable,389,https://github.com/h2oai/datatable/pull/390,https://github.com/h2oai/datatable/commit/492062bd01ef469e439ad2f0ed0feb4891492fc1
TileDB-Inc,TileDB,1220,https://github.com/TileDB-Inc/TileDB/pull/1229,https://github.com/TileDB-Inc/TileDB/commit/9d3b880e7a2ea192055da8b62aa115761a7b6568
TileDB-Inc,TileDB,1083,https://github.com/TileDB-Inc/TileDB/pull/1084,https://github.com/TileDB-Inc/TileDB/commit/5f57822df49770c2c2fa2409e6e42ce9282db412
TileDB-Inc,TileDB,1082,https://github.com/TileDB-Inc/TileDB/pull/1084,https://github.com/TileDB-Inc/TileDB/commit/5f57822df49770c2c2fa2409e6e42ce9282db412
TileDB-Inc,TileDB,1064,https://github.com/TileDB-Inc/TileDB/pull/1065,https://github.com/TileDB-Inc/TileDB/commit/dabc12452716de7d59bd6f66dbaad0a71495407c
TileDB-Inc,TileDB,1043,https://github.com/TileDB-Inc/TileDB/pull/1415,https://github.com/TileDB-Inc/TileDB/commit/6fc70bcc6af6d040d5f4320d529769448c70b563
TileDB-Inc,TileDB,1029,https://github.com/TileDB-Inc/TileDB/pull/1415,https://github.com/TileDB-Inc/TileDB/commit/6fc70bcc6af6d040d5f4320d529769448c70b563
TileDB-Inc,TileDB,867,https://github.com/TileDB-Inc/TileDB/pull/916,https://github.com/TileDB-Inc/TileDB/commit/8d9b29417a26ff3905403712bc7f107bb053dc5e
TileDB-Inc,TileDB,799,https://github.com/TileDB-Inc/TileDB/pull/889,https://github.com/TileDB-Inc/TileDB/commit/04c91df364f801ee15cd9e9be6808f233c34e8d4
TileDB-Inc,TileDB,732,https://github.com/TileDB-Inc/TileDB/pull/998,https://github.com/TileDB-Inc/TileDB/commit/f3590735f874862475655e9dcf1d0afcb064d14e
TileDB-Inc,TileDB,720,https://github.com/TileDB-Inc/TileDB/pull/721,https://github.com/TileDB-Inc/TileDB/commit/54c04d73f6452e50a2ca3dc47e471c6b0e1ea6e0
TileDB-Inc,TileDB,567,https://github.com/TileDB-Inc/TileDB/pull/570,https://github.com/TileDB-Inc/TileDB/commit/d81cfd040fdcb529b4c293f30c32dd8be183e54f
TileDB-Inc,TileDB,531,https://github.com/TileDB-Inc/TileDB/pull/532,https://github.com/TileDB-Inc/TileDB/commit/520a0ee2cdc310662dd07dff60ff09b683ce24b0
TileDB-Inc,TileDB,483,https://github.com/TileDB-Inc/TileDB/pull/652,https://github.com/TileDB-Inc/TileDB/commit/0a3fe37d83804dd72f386d5ad3c141af56e72452
rwengine,openrw,622,https://github.com/rwengine/openrw/pull/660,https://github.com/rwengine/openrw/commit/f7bd8701db2a98678e206ae78515b0a0e16b092b
kokkos,kokkos,5600,https://github.com/kokkos/kokkos/pull/5742,https://github.com/kokkos/kokkos/commit/910d43e45b04fb0e7d155233f7069cab0aeefc79
owncloud,client,5017,https://github.com/owncloud/client/pull/6301,https://github.com/owncloud/client/commit/1f5b1a085f0cabc6c06fa5a12d361fb203227921
owncloud,client,4116,https://github.com/owncloud/client/pull/6022,https://github.com/owncloud/client/commit/a1461134faffdccba614f686753df2b8e73b487c
Yelp,MOE,260,https://github.com/Yelp/MOE/pull/261,https://github.com/Yelp/MOE/commit/e7ba1c9e271d2523ae98b306f1e2082599fd2922
godot-jolt,godot-jolt,621,https://github.com/godot-jolt/godot-jolt/pull/628,https://github.com/godot-jolt/godot-jolt/commit/c29852dd9c2a7eefed8c24e2eff991710bd7786e
bitshares,bitshares-core,1660,https://github.com/bitshares/bitshares-core/pull/1662,https://github.com/bitshares/bitshares-core/commit/c078ffbf646237e2a283a80179a689d77610a852
bitshares,bitshares-core,1619,https://github.com/bitshares/bitshares-core/pull/1716,https://github.com/bitshares/bitshares-core/commit/fa38ee46524f638d6cefde20d39e575a0e762000
bitshares,bitshares-core,740,https://github.com/bitshares/bitshares-core/pull/743,https://github.com/bitshares/bitshares-core/commit/b7ae96fdcb17329107ea7defe91a334ac902b019
bitshares,bitshares-core,702,https://github.com/bitshares/bitshares-core/pull/706,https://github.com/bitshares/bitshares-core/commit/252132fddbcfcce19866160412506f2b799f2a86
quick-lint,quick-lint-js,915,https://github.com/quick-lint/quick-lint-js/pull/1202,https://github.com/quick-lint/quick-lint-js/commit/0c5e97152cf0f991d8238aa84fe0dde11cc16137
NREL,EnergyPlus,9027,https://github.com/NREL/EnergyPlus/pull/9028,https://github.com/NREL/EnergyPlus/commit/ff568f7733204d88c810b10b3c792fe6b9c2a188
roc-streaming,roc-toolkit,617,https://github.com/roc-streaming/roc-toolkit/pull/625,https://github.com/roc-streaming/roc-toolkit/commit/4b501a825cf188da0237ef0c73520ee3e49ad3ca
CNugteren,CLBlast,415,https://github.com/CNugteren/CLBlast/pull/416,https://github.com/CNugteren/CLBlast/commit/aec45ea63755a7a9414d7c6a81d570200e948806
EasyRPG,Player,3163,https://github.com/EasyRPG/Player/pull/3177,https://github.com/EasyRPG/Player/commit/72749b7a94ea09ec59870e099aac9bbf5de89a45
EasyRPG,Player,2509,https://github.com/EasyRPG/Player/pull/2513,https://github.com/EasyRPG/Player/commit/a086820de8eadbd830f3aa5ebf822d548a465879
EasyRPG,Player,2437,https://github.com/EasyRPG/Player/pull/2439,https://github.com/EasyRPG/Player/commit/3e01bf033b70b8c89d2b946710d1edb0cc748efb
EasyRPG,Player,2229,https://github.com/EasyRPG/Player/pull/2231,https://github.com/EasyRPG/Player/commit/a5a43c694192c8e9e2d1499363325365135afbcc
EasyRPG,Player,1939,https://github.com/EasyRPG/Player/pull/1940,https://github.com/EasyRPG/Player/commit/18753750ff971321d39e2a8a8bb90212af987103
grf-labs,grf,539,https://github.com/grf-labs/grf/pull/546,https://github.com/grf-labs/grf/commit/c779fb4a0222ccd7310231e02fb1dd277bee139d
grf-labs,grf,233,https://github.com/grf-labs/grf/pull/363,https://github.com/grf-labs/grf/commit/cddff60d3ad9da4a91fa71feba897cf82187fd9c
CasparCG,server,920,https://github.com/CasparCG/server/pull/922,https://github.com/CasparCG/server/commit/a7fb293dd8ba4ed5c3cafa3da35dbdf872371d84
lethal-guitar,RigelEngine,683,https://github.com/lethal-guitar/RigelEngine/pull/765,https://github.com/lethal-guitar/RigelEngine/commit/5862d469bbf776d104267390450d06196f8af486
v6d-io,v6d,1727,https://github.com/v6d-io/v6d/pull/1731,https://github.com/v6d-io/v6d/commit/81e80e30abee322124e75fbb0db4613cdf20386e
v6d-io,v6d,1631,https://github.com/v6d-io/v6d/pull/1646,https://github.com/v6d-io/v6d/commit/b68220f87669500b918de82e41ea3a74b87bad03
v6d-io,v6d,593,https://github.com/v6d-io/v6d/pull/594,https://github.com/v6d-io/v6d/commit/0bd9538fa8b934f19353640ae1cc7d108d57f8b0
Vector35,binaryninja-api,1093,https://github.com/Vector35/binaryninja-api/pull/1172,https://github.com/Vector35/binaryninja-api/commit/6c554162b307ba06102038f62113f5c336eab8a1
Vector35,binaryninja-api,834,https://github.com/Vector35/binaryninja-api/pull/4581,https://github.com/Vector35/binaryninja-api/commit/02d1ed019390cce8adabbb146e744348e955d3d2
Komet,MediaElch,1640,https://github.com/Komet/MediaElch/pull/1643,https://github.com/Komet/MediaElch/commit/a618545b05e98d9f3a0ca86738bdc58178d75c44
mockingbirdnest,Principia,2953,https://github.com/mockingbirdnest/Principia/pull/2960,https://github.com/mockingbirdnest/Principia/commit/2c7f44c717fc333bd98e8cd2d0748aaba4db7448
stan-dev,math,1633,https://github.com/stan-dev/math/pull/1632,https://github.com/stan-dev/math/commit/75bcadb96cc061cf3dea20c68c5847bbdc09a3ce
stan-dev,math,1585,https://github.com/stan-dev/math/pull/1586,https://github.com/stan-dev/math/commit/b295b04f0d3500e50740e8aff32ff7c22d04af76
speedb-io,speedb,417,https://github.com/speedb-io/speedb/pull/403,https://github.com/speedb-io/speedb/commit/a42ec6ca0b276b602a21f7af1ca8d627c5c079cf
speedb-io,speedb,298,https://github.com/speedb-io/speedb/pull/299,https://github.com/speedb-io/speedb/commit/8c37223dd6d1e667ef9ff4bbdf231ce9e623f5d2
KhronosGroup,Vulkan-ValidationLayers,7804,https://github.com/KhronosGroup/Vulkan-ValidationLayers/pull/8381,https://github.com/KhronosGroup/Vulkan-ValidationLayers/commit/a7f531db143da0ee0dc57e89bbb3e8d8e98c2439
AliveToolkit,alive2,643,https://github.com/AliveToolkit/alive2/pull/664,https://github.com/AliveToolkit/alive2/commit/c7af6d50ad40849798daa75dace89e4272623a01
lxqt,qterminal,156,https://github.com/lxqt/qterminal/pull/256,https://github.com/lxqt/qterminal/commit/6bd8564479eedce6bf6aabb0b37b36ad0070caa0
AMReX-Codes,amrex,3792,https://github.com/AMReX-Codes/amrex/pull/3881,https://github.com/AMReX-Codes/amrex/commit/41fae81a27a9e064e1961b77c028e1eec393aa42
mapequation,infomap,134,https://github.com/mapequation/infomap/pull/136,https://github.com/mapequation/infomap/commit/d0e70585644d1320e61df126a1307444f52cf07e
giowck,symphytum,107,https://github.com/giowck/symphytum/pull/110,https://github.com/giowck/symphytum/commit/5ff5a2fe172d89fcf9824af90031afdbcd973c6d
boostorg,json,548,https://github.com/boostorg/json/pull/569,https://github.com/boostorg/json/commit/2ebbd0cfe3e8186b2416ea0c3cb898a93d4e1f9c
ZigRazor,CXXGraph,356,https://github.com/ZigRazor/CXXGraph/pull/358,https://github.com/ZigRazor/CXXGraph/commit/ae1e2093adc94a20dea8debda34126cee50c5ea4
AMReX-Astro,Castro,2029,https://github.com/AMReX-Astro/Castro/pull/2165,https://github.com/AMReX-Astro/Castro/commit/611495522b9d3b2ca8073bbd6aa199a9d3f95c71
sandialabs,Albany,585,https://github.com/sandialabs/Albany/pull/632,https://github.com/sandialabs/Albany/commit/8682dcafc82ffe0566cf33a3d0c294361dcd8fdc
sandialabs,Albany,523,https://github.com/sandialabs/Albany/pull/524,https://github.com/sandialabs/Albany/commit/1272de6443e42c5e59e19cfee6288297c3eceb10
sandialabs,Albany,519,https://github.com/sandialabs/Albany/pull/522,https://github.com/sandialabs/Albany/commit/ac9d7d8d0c0aa90a4b1ce16888f582a96f447b8d
kokkos,kokkos-kernels,2067,https://github.com/kokkos/kokkos-kernels/pull/2073,https://github.com/kokkos/kokkos-kernels/commit/cb24a0d477a35e20eabc321985e14d720788c120
espressomd,espresso,4752,https://github.com/espressomd/espresso/pull/4757,https://github.com/espressomd/espresso/commit/39a5824477b225bc8c8656e2f603c5dc7254fd81
OpenKneeboard,OpenKneeboard,485,https://github.com/OpenKneeboard/OpenKneeboard/pull/619,https://github.com/OpenKneeboard/OpenKneeboard/commit/fde31ac7c4431938f13dbf7f0c30da32256f4053
boostorg,url,756,https://github.com/boostorg/url/pull/765,https://github.com/boostorg/url/commit/1d6b369bf73beb584b3d4c018626e92457012f5e
boostorg,url,484,https://github.com/boostorg/url/pull/570,https://github.com/boostorg/url/commit/6e2cc575fe0341bb575b5bd82abe0d8f6f368524
PrincetonUniversity,athena,430,https://github.com/PrincetonUniversity/athena/pull/458,https://github.com/PrincetonUniversity/athena/commit/36a24ba98c79313fdc8eb99a2b6328e13432b187
NCAR,VAPOR,2980,https://github.com/NCAR/VAPOR/pull/3001,https://github.com/NCAR/VAPOR/commit/471963590dfaa914ca743514126b668bc614e698
NCAR,VAPOR,2089,https://github.com/NCAR/VAPOR/pull/2127,https://github.com/NCAR/VAPOR/commit/a95b45ce5aa035260f5f47cd3c09f56ecc6c1bce
NCAR,VAPOR,1842,https://github.com/NCAR/VAPOR/pull/1867,https://github.com/NCAR/VAPOR/commit/9c1c9f8ca6bf2675f419dbc5da629a1eef09e501
NCAR,VAPOR,742,https://github.com/NCAR/VAPOR/pull/761,https://github.com/NCAR/VAPOR/commit/e28b6924ea4cac2390a0907a15eee2e8b08d67db
NCAR,VAPOR,631,https://github.com/NCAR/VAPOR/pull/632,https://github.com/NCAR/VAPOR/commit/a5dd9e23527e46d5e99079d2952ad623013cb0d8
NCAR,VAPOR,625,https://github.com/NCAR/VAPOR/pull/666,https://github.com/NCAR/VAPOR/commit/0b6d2704add59eedefc599fecc57c0ef7acc17c2
OPM,ResInsight,10508,https://github.com/OPM/ResInsight/pull/10518,https://github.com/OPM/ResInsight/commit/9723e188b4e4c5b2a9c1bc238cbf36029d4955f6
OPM,ResInsight,10339,https://github.com/OPM/ResInsight/pull/10341,https://github.com/OPM/ResInsight/commit/2037353d6c67986880689d596aaed54e685541ff
OPM,ResInsight,9023,https://github.com/OPM/ResInsight/pull/9029,https://github.com/OPM/ResInsight/commit/fdb8360459394a9270cfb5e3f544faa7b4f1582b
OPM,ResInsight,5865,https://github.com/OPM/ResInsight/pull/5866,https://github.com/OPM/ResInsight/commit/c876517bba046c2866b41cc5b228aac7b2769484
dash-project,dash,548,https://github.com/dash-project/dash/pull/561,https://github.com/dash-project/dash/commit/8b098666dc1e25cb44af0b2a7f30eb407a730bfd
firebuild,firebuild,1017,https://github.com/firebuild/firebuild/pull/1029,https://github.com/firebuild/firebuild/commit/d3d2f5ae62a5aedaca9204e4fc1cc48682014957
firebuild,firebuild,1015,https://github.com/firebuild/firebuild/pull/1016,https://github.com/firebuild/firebuild/commit/4b4ca2dbd37abc45b9574cee6228f0d1d7db7b8e
UnitTestBot,UTBotCpp,338,https://github.com/UnitTestBot/UTBotCpp/pull/665,https://github.com/UnitTestBot/UTBotCpp/commit/fd872e27c5e7c7fa050bcd6c53d80ceda03df659
eteran,nedit-ng,238,https://github.com/eteran/nedit-ng/pull/245,https://github.com/eteran/nedit-ng/commit/147ae1f1323911169fc83c7d496b1a29c1b7cdc6
fortressforever,fortressforever,280,https://github.com/fortressforever/fortressforever/pull/286,https://github.com/fortressforever/fortressforever/commit/ef4c7b017b9e5a12cbe98b510d84151259301d47
ebu,ear-production-suite,115,https://github.com/ebu/ear-production-suite/pull/116,https://github.com/ebu/ear-production-suite/commit/6a9ed2e8a12df739d52f1abf1836a8b0f51e6cab
JDRaftKeeper,RaftKeeper,290,https://github.com/JDRaftKeeper/RaftKeeper/pull/292,https://github.com/JDRaftKeeper/RaftKeeper/commit/ce758993a8dc415f2c81f9ae5bd1aaac61887671
JDRaftKeeper,RaftKeeper,282,https://github.com/JDRaftKeeper/RaftKeeper/pull/283,https://github.com/JDRaftKeeper/RaftKeeper/commit/fd5e7e0e4e2a504ed30b847d43327de244808a9c
JDRaftKeeper,RaftKeeper,231,https://github.com/JDRaftKeeper/RaftKeeper/pull/235,https://github.com/JDRaftKeeper/RaftKeeper/commit/a2777b83a4d32d5e4a6bd7175d8a58d5542db236
KazDragon,terminalpp,201,https://github.com/KazDragon/terminalpp/pull/202,https://github.com/KazDragon/terminalpp/commit/5e1cbc61ad92a74e0b19e40537bc9306ed0f90b0
KazDragon,terminalpp,199,https://github.com/KazDragon/terminalpp/pull/200,https://github.com/KazDragon/terminalpp/commit/f8640a2ca033c09be4ba43ab9aaa808e4c9b2aac
KazDragon,terminalpp,179,https://github.com/KazDragon/terminalpp/pull/181,https://github.com/KazDragon/terminalpp/commit/e7bfdbbf6f89dc6bc3f59f9d2473b00e73efa94e
KazDragon,terminalpp,174,https://github.com/KazDragon/terminalpp/pull/176,https://github.com/KazDragon/terminalpp/commit/4312e169aa90ca9fcc7b498c19468023dac96003
KazDragon,terminalpp,148,https://github.com/KazDragon/terminalpp/pull/159,https://github.com/KazDragon/terminalpp/commit/c5bcccad8fc4cecc21a15eda09b39cade94838be
KazDragon,terminalpp,55,https://github.com/KazDragon/terminalpp/pull/57,https://github.com/KazDragon/terminalpp/commit/460de4b93b35a6669795dcb5c111d3e4ade0fb56
jbush001,NyuziToolchain,79,https://github.com/jbush001/NyuziToolchain/pull/102,https://github.com/jbush001/NyuziToolchain/commit/52824cbc8c88b18cc9ce476861069031027fc4b7
dynawo,dynawo,3065,https://github.com/dynawo/dynawo/pull/3070,https://github.com/dynawo/dynawo/commit/4ddae2c849925260fe7d4c997fa04307048ff133
dynawo,dynawo,2536,https://github.com/dynawo/dynawo/pull/2543,https://github.com/dynawo/dynawo/commit/55c7ef50bb4960ac653e4b171c7810914ca39b3c
dynawo,dynawo,1516,https://github.com/dynawo/dynawo/pull/1526,https://github.com/dynawo/dynawo/commit/07f3470eca6214c6bbe930354b5ffb1392589352
dynawo,dynawo,979,https://github.com/dynawo/dynawo/pull/980,https://github.com/dynawo/dynawo/commit/374c2833589df70f254dcd005ea5bafce813ca6b
dynawo,dynawo,922,https://github.com/dynawo/dynawo/pull/933,https://github.com/dynawo/dynawo/commit/f337882cb0117e237e15529ba075a1beb1982fdd
dynawo,dynawo,891,https://github.com/dynawo/dynawo/pull/1294,https://github.com/dynawo/dynawo/commit/c08ecebfadb2390d5d2c64ebfedb2811f479cd59
dynawo,dynawo,876,https://github.com/dynawo/dynawo/pull/909,https://github.com/dynawo/dynawo/commit/67cd137114f142581ab8571d6ab2fe35eea61c7d
linbox-team,fflas-ffpack,361,https://github.com/linbox-team/fflas-ffpack/pull/362,https://github.com/linbox-team/fflas-ffpack/commit/6135d736dc798e9c16027fed8695b7bfb33498ce
qorelanguage,qore,4305,https://github.com/qorelanguage/qore/pull/4306,https://github.com/qorelanguage/qore/commit/6c0950747e549c9a1e621dd255095853db43c698
daphne-eu,daphne,755,https://github.com/daphne-eu/daphne/pull/806,https://github.com/daphne-eu/daphne/commit/151e5a1e30d1e5e30557650c2022fec2d0a1020e
XRPLF,clio,764,https://github.com/XRPLF/clio/pull/765,https://github.com/XRPLF/clio/commit/437a22a253edb43da82010b25a5a58c3b7186d81
XRPLF,clio,478,https://github.com/XRPLF/clio/pull/629,https://github.com/XRPLF/clio/commit/50131e6fa99c6a85da944b005088bf6ce7a7a0fb
intel,intel-xpu-backend-for-triton,1547,https://github.com/intel/intel-xpu-backend-for-triton/pull/1549,https://github.com/intel/intel-xpu-backend-for-triton/commit/db38d98f54b94fba21a86f3eb1b4f01de95548c3
intel,intel-xpu-backend-for-triton,1430,https://github.com/intel/intel-xpu-backend-for-triton/pull/1473,https://github.com/intel/intel-xpu-backend-for-triton/commit/b7af28ae396e95a82b51771674220d75011ae159
AstroAccelerateOrg,astro-accelerate,118,https://github.com/AstroAccelerateOrg/astro-accelerate/pull/120,https://github.com/AstroAccelerateOrg/astro-accelerate/commit/2122738ff3a181c89434a5872924e5dd1936c34b
Taraxa-project,taraxa-node,1464,https://github.com/Taraxa-project/taraxa-node/pull/1609,https://github.com/Taraxa-project/taraxa-node/commit/db7cffa2e2f7bb60a2fd05ab948ddb9c4a27a2fc
Taraxa-project,taraxa-node,1444,https://github.com/Taraxa-project/taraxa-node/pull/2380,https://github.com/Taraxa-project/taraxa-node/commit/9a4f4afcc7517a2a46bf09c50f666fad0b64c88f
NimbleSM,NimbleSM,236,https://github.com/NimbleSM/NimbleSM/pull/240,https://github.com/NimbleSM/NimbleSM/commit/5417ff6d51ae65110726e5cada01435cea463bf0
NimbleSM,NimbleSM,233,https://github.com/NimbleSM/NimbleSM/pull/240,https://github.com/NimbleSM/NimbleSM/commit/5417ff6d51ae65110726e5cada01435cea463bf0
bigbangcore,BigBang,560,https://github.com/bigbangcore/BigBang/pull/561,https://github.com/bigbangcore/BigBang/commit/9973fcc40a2a6afb9bbaab6a27ed9ea47579e8fe
bigbangcore,BigBang,66,https://github.com/bigbangcore/BigBang/pull/67,https://github.com/bigbangcore/BigBang/commit/e8fcab4b7306a16f8815a4e9ea47c1178a9d7966
molpopgen,fwdpp,231,https://github.com/molpopgen/fwdpp/pull/247,https://github.com/molpopgen/fwdpp/commit/5cd8c47bbbdcc4025ca8d111411506a83c28b9f9
molpopgen,fwdpy11,1082,https://github.com/molpopgen/fwdpy11/pull/1087,https://github.com/molpopgen/fwdpy11/commit/719a66ae6195f59433858c02f448f827ea17c03a
molpopgen,fwdpy11,840,https://github.com/molpopgen/fwdpy11/pull/842,https://github.com/molpopgen/fwdpy11/commit/c93e13ed1bc758e5ae1352a9757783e7f574ba20

